{
    "camera": {
        "viewMatrix":[0.9817392230033875, -0.06908024102449417, 0.17724566161632538, 0, 0.19023171067237854, 0.35650619864463806, -0.9147213697433472, 0, 0, 0.931735634803772, 0.3631373643875122, 0, -0.000003168038801959483, -0.000007812740477675106, -318.1181335449219, 1],
        "znear": 158.1234801667495,
        "zfar": 466.4768225199999,
        "perspective": true,
        "fov": 45.7
    },
    "lights": {
    }
}
