{
    "camera": {
        "viewMatrix":[0.7071067690849304, -0.12278780341148376, 0.6963642239570618, 0, 0.7071067690849304, 0.12278780341148376, -0.6963642239570618, 0, 0, 0.9848077297210693, 0.1736481785774231, 0, 0.048462722450494766, -0.0013233316130936146, -0.4613626003265381, 1],
        "znear": 0.2357055062641134,
        "zfar": 0.6846840630986767,
        "perspective": true,
        "fov": 45.7
    },
    "lights": {
    }
}
