{
    "camera": {
        "viewMatrix":[0.8753688335418701, -0.22077302634716034, 0.4301031231880188, 0, 0.48345571756362915, 0.39974257349967957, -0.7787659764289856, 0, 0, 0.8896432518959045, 0.45665615797042847, 0, -0.00004382276893011294, -0.000032257223210763186, -1267.4268798828125, 1],
        "znear": 753.0241803048589,
        "zfar": 1744.4183104428396,
        "perspective": true,
        "fov": 45.7
    },
    "lights": {
    }
}
